Summary,Issue key,Issue id,Issue Type,Status,Project key,Project name,Project type,Project lead,Project lead id,Project description,Priority,Resolution,Assignee,Assignee Id,Reporter,Reporter Id,Creator,Creator Id,Created,Updated,Last Viewed,Resolved,Fix versions,Due date,Votes,Description,Environment,Watchers,Watchers Id,Original estimate,Remaining Estimate,Time Spent,Work Ratio,Σ Original Estimate,Σ Remaining Estimate,Σ Time Spent,Security Level,Inward issue link (Relates),Inward issue link (Relates),Inward issue link (Relates),Inward issue link (Relates),Inward issue link (Relates),Inward issue link (Relates),Inward issue link (Relates),Inward issue link (Relates),Inward issue link (Relates),Inward issue link (Relates),Inward issue link (Relates),Outward issue link (Relates),Outward issue link (Relates),Outward issue link (Relates),Outward issue link (Relates),Outward issue link (Relates),Outward issue link (Relates),Outward issue link (Relates),Outward issue link (Relates),Outward issue link (Relates),Outward issue link (Relates),Attachment,Custom field (Actual end),Custom field (Actual start),Custom field (Affected hardware),Custom field (Affected services),Custom field (Approvals),Custom field (Asset type),Custom field (Asset type),Custom field (Backout plan),Custom field (Category),Custom field (Change reason),Custom field (Change risk),Custom field (Change type),Custom field (Department),Custom field (Department),Custom field (Development),Custom field (Epic Color),Custom field (Epic Link),Epic Link Summary,Custom field (Epic Name),Custom field (Epic Status),Custom field (Goals),Custom field (Impact),Custom field (Implementation plan),Custom field (Investigation reason),Custom field (Issue color),Custom field (Locked forms),Custom field (Major incident),Custom field (Open forms),Custom field (Pending reason),Custom field (Planned end),Custom field (Planned start),Custom field (Priority),Custom field (Project overview key),Custom field (Project overview status),Custom field (Rank),Custom field (Request Type),Custom field (Request language),Custom field (Request participants),Custom field (Responders),Custom field (Root cause),Satisfaction rating,Custom field (Satisfaction date),Custom field (Sentiment),Custom field (Severity),Custom field (Source),Sprint,Custom field (Start date),Custom field (Story Points),Custom field (Story point estimate),Custom field (Submitted forms),Custom field (Target end),Custom field (Target start),Custom field (Team),Custom field (Test plan),Custom field (Time to close after resolution),Custom field (Time to first response),Custom field (Time to resolution),Custom field (Time to review normal change),Custom field (Total forms),Custom field (Urgency),Custom field (Vulnerability),Custom field (Work category),Custom field (Workaround),Custom field ([CHART] Date of First Response),Custom field ([CHART] Time in Status),Comment,Parent,Parent summary,Status Category,Status Category Changed
Menu title: ”RUTI conform SNA”,NPT-167,21652,Story,To Do,NPT,Norbert Poka_TM2,software,ITF Classes,712020:8ab46ca2-145f-4a56-a13e-bb85ee67acea,,Low,,IT Factory,712020:ac03dc4b-ffe6-4f35-ba83-41f3c30a3c67,IT Factory,712020:ac03dc4b-ffe6-4f35-ba83-41f3c30a3c67,IT Factory,712020:ac03dc4b-ffe6-4f35-ba83-41f3c30a3c67,25/Feb/25 1:47 PM,25/Feb/25 3:41 PM,,,Primariatechirghiol_v1.0_english,,0,"The title of this menu is located on the left side of the page/leftsidebar, strictly above the ""Annual Reports"" section that belongs to this menu.",,IT Factory,712020:ac03dc4b-ffe6-4f35-ba83-41f3c30a3c67,,,,,,,,,NPT-123,NPT-157,NPT-159,NPT-161,NPT-163,NPT-165,,,,,,,,,,,,,,,,,,,,,com.atlassian.servicedesk.plugins.approvals.internal.customfield.ApprovalsCFValue@27bac1b3,,,,,,,,,,,,NPT-123,RUTI conform SNA-leftsidebar (present on the left side of the page),,,,,,,,,,,,,,,,,0|i01mjl:,,,,,,,,,,,NPT Sprint 2,,,,,,,,,,,,,,,,,,,,,21608,RUTI conform SNA-leftsidebar (present on the left side of the page),To Do,25/Feb/25 1:48 PM
"Section: ""Rapoarte anuale""",NPT-155,21640,Story,To Do,NPT,Norbert Poka_TM2,software,ITF Classes,712020:8ab46ca2-145f-4a56-a13e-bb85ee67acea,,Low,,IT Factory,712020:ac03dc4b-ffe6-4f35-ba83-41f3c30a3c67,IT Factory,712020:ac03dc4b-ffe6-4f35-ba83-41f3c30a3c67,IT Factory,712020:ac03dc4b-ffe6-4f35-ba83-41f3c30a3c67,25/Feb/25 11:39 AM,25/Feb/25 3:41 PM,,,Primariatechirghiol_v1.0_english,,0,"The menu section ""RUTI conform SNA"", in the form of a text-link, is located on the left side of the page/leftsidebar, strictly below the aforementioned menu title.

The end user should be redirected to more information regarding the section.",,IT Factory,712020:ac03dc4b-ffe6-4f35-ba83-41f3c30a3c67,,,,,,,,,NPT-123,NPT-156,NPT-157,NPT-159,NPT-161,NPT-163,NPT-165,,,,,,,,,,,,,,,,,,,,com.atlassian.servicedesk.plugins.approvals.internal.customfield.ApprovalsCFValue@487afab0,,,,,,,,,,,,NPT-123,RUTI conform SNA-leftsidebar (present on the left side of the page),,,,,,,,,,,,,,,,,0|i01mgx:,,,,,,,,,,,NPT Sprint 2,,,,,,,,,,,,,,,,,,,,,21608,RUTI conform SNA-leftsidebar (present on the left side of the page),To Do,25/Feb/25 11:39 AM
"Menu title: ""Link-uri Utile""",NPT-137,21622,Story,To Do,NPT,Norbert Poka_TM2,software,ITF Classes,712020:8ab46ca2-145f-4a56-a13e-bb85ee67acea,,Medium,,IT Factory,712020:ac03dc4b-ffe6-4f35-ba83-41f3c30a3c67,IT Factory,712020:ac03dc4b-ffe6-4f35-ba83-41f3c30a3c67,IT Factory,712020:ac03dc4b-ffe6-4f35-ba83-41f3c30a3c67,24/Feb/25 8:03 PM,25/Feb/25 3:41 PM,,,Primariatechirghiol_v1.0_english,,0,"The title of this menu is located on the right side of the page/sidebar, above the buttons: AM PODCA, Președintele României, Guvernul României, Senatul României, Camera Deputaților, Uniunea Europeană, Infoeuropa, Ministerul Dezvoltării Regionale și Turismului.",,IT Factory,712020:ac03dc4b-ffe6-4f35-ba83-41f3c30a3c67,,,,,,,,,NPT-124,NPT-138,NPT-139,NPT-140,NPT-143,NPT-144,,,,,,,,,,,,,,,,,,,,,com.atlassian.servicedesk.plugins.approvals.internal.customfield.ApprovalsCFValue@5f80ed5a,,,,,,,,,,,,NPT-124,Useful links menu/sidebar (on the right),,,,,,,,,,,,,,,,,0|i01mcx:,,,,,,,,,,,NPT Sprint 2,,,,,,,,,,,,,,,,,,,,,21609,Useful links menu/sidebar (on the right),To Do,24/Feb/25 8:03 PM
Button: ”Ministerul Dezvoltării Regionale și Turismului”,NPT-136,21621,Story,To Do,NPT,Norbert Poka_TM2,software,ITF Classes,712020:8ab46ca2-145f-4a56-a13e-bb85ee67acea,,Medium,,IT Factory,712020:ac03dc4b-ffe6-4f35-ba83-41f3c30a3c67,IT Factory,712020:ac03dc4b-ffe6-4f35-ba83-41f3c30a3c67,IT Factory,712020:ac03dc4b-ffe6-4f35-ba83-41f3c30a3c67,24/Feb/25 8:02 PM,25/Feb/25 3:41 PM,,,Primariatechirghiol_v1.0_english,,0,"By clicking this button, the end user should be redirected to the website of the former Ministry of Regional Development and Tourism, currently the ""Ministry of Development, Public Works and Administration/Ministerul Dezvoltării, Lucrărilor Publice și Administrației"":

[https://mdlpa.ro|https://mdlpa.ro]",,IT Factory,712020:ac03dc4b-ffe6-4f35-ba83-41f3c30a3c67,,,,,,,,,NPT-124,NPT-138,NPT-139,NPT-140,NPT-142,NPT-143,NPT-144,NPT-147,NPT-149,NPT-151,NPT-153,NPT-145,,,,,,,,,,,,,,,com.atlassian.servicedesk.plugins.approvals.internal.customfield.ApprovalsCFValue@a3e32c4,,,,,,,,,,,,NPT-124,Useful links menu/sidebar (on the right),,,,,,,,,,,,,,,,,0|i01mcp:,,,,,,,,,,,NPT Sprint 2,,,,,,,,,,,,,,,,,,,,,21609,Useful links menu/sidebar (on the right),To Do,24/Feb/25 8:02 PM
Button: ”Infoeuropa”,NPT-135,21620,Story,To Do,NPT,Norbert Poka_TM2,software,ITF Classes,712020:8ab46ca2-145f-4a56-a13e-bb85ee67acea,,Medium,,IT Factory,712020:ac03dc4b-ffe6-4f35-ba83-41f3c30a3c67,IT Factory,712020:ac03dc4b-ffe6-4f35-ba83-41f3c30a3c67,IT Factory,712020:ac03dc4b-ffe6-4f35-ba83-41f3c30a3c67,24/Feb/25 8:01 PM,25/Feb/25 3:41 PM,,,Primariatechirghiol_v1.0_english,,0,"By pressing this button, the end user should be redirected to the website:

[http://ec.europa.eu/romania/index_ro|http://ec.europa.eu/romania/index_ro.htm]",,IT Factory,712020:ac03dc4b-ffe6-4f35-ba83-41f3c30a3c67,,,,,,,,,NPT-124,NPT-138,NPT-139,NPT-140,NPT-143,NPT-144,,,,,,,,,,,,,,,,,,,,,com.atlassian.servicedesk.plugins.approvals.internal.customfield.ApprovalsCFValue@77f09e77,,,,,,,,,,,,NPT-124,Useful links menu/sidebar (on the right),,,,,,,,,,,,,,,,,0|i01mch:,,,,,,,,,,,NPT Sprint 2,,,,,,,,,,,,,,,,,,,,,21609,Useful links menu/sidebar (on the right),To Do,24/Feb/25 8:01 PM
Button: ”Uniunea Europeană”,NPT-134,21619,Story,To Do,NPT,Norbert Poka_TM2,software,ITF Classes,712020:8ab46ca2-145f-4a56-a13e-bb85ee67acea,,Medium,,IT Factory,712020:ac03dc4b-ffe6-4f35-ba83-41f3c30a3c67,IT Factory,712020:ac03dc4b-ffe6-4f35-ba83-41f3c30a3c67,IT Factory,712020:ac03dc4b-ffe6-4f35-ba83-41f3c30a3c67,24/Feb/25 8:01 PM,25/Feb/25 3:41 PM,,,Primariatechirghiol_v1.0_english,,0,"By pressing this button, the end user should be redirected to the website:

[http://europa.eu/index_ro|http://europa.eu/index_ro] ",,IT Factory,712020:ac03dc4b-ffe6-4f35-ba83-41f3c30a3c67,,,,,,,,,NPT-124,NPT-138,NPT-139,NPT-140,NPT-143,NPT-144,,,,,,,,,,,,,,,,,,,,,com.atlassian.servicedesk.plugins.approvals.internal.customfield.ApprovalsCFValue@18ebb521,,,,,,,,,,,,NPT-124,Useful links menu/sidebar (on the right),,,,,,,,,,,,,,,,,0|i01mc9:,,,,,,,,,,,NPT Sprint 2,,,,,,,,,,,,,,,,,,,,,21609,Useful links menu/sidebar (on the right),To Do,24/Feb/25 8:01 PM
Button: ”Camera Deputaților”,NPT-133,21618,Story,To Do,NPT,Norbert Poka_TM2,software,ITF Classes,712020:8ab46ca2-145f-4a56-a13e-bb85ee67acea,,Medium,,IT Factory,712020:ac03dc4b-ffe6-4f35-ba83-41f3c30a3c67,IT Factory,712020:ac03dc4b-ffe6-4f35-ba83-41f3c30a3c67,IT Factory,712020:ac03dc4b-ffe6-4f35-ba83-41f3c30a3c67,24/Feb/25 7:59 PM,25/Feb/25 3:41 PM,,,Primariatechirghiol_v1.0_english,,0,"By pressing this button, the end user should be redirected to the website:

[http://www.cdep.ro|http://www.cdep.ro/]",,IT Factory,712020:ac03dc4b-ffe6-4f35-ba83-41f3c30a3c67,,,,,,,,,NPT-124,NPT-138,NPT-139,NPT-140,NPT-143,NPT-144,,,,,,,,,,,,,,,,,,,,,com.atlassian.servicedesk.plugins.approvals.internal.customfield.ApprovalsCFValue@104834d8,,,,,,,,,,,,NPT-124,Useful links menu/sidebar (on the right),,,,,,,,,,,,,,,,,0|i01mc1:,,,,,,,,,,,NPT Sprint 2,,,,,,,,,,,,,,,,,,,,,21609,Useful links menu/sidebar (on the right),To Do,24/Feb/25 7:59 PM
Button: ”Senatul României”,NPT-132,21617,Story,To Do,NPT,Norbert Poka_TM2,software,ITF Classes,712020:8ab46ca2-145f-4a56-a13e-bb85ee67acea,,Medium,,IT Factory,712020:ac03dc4b-ffe6-4f35-ba83-41f3c30a3c67,IT Factory,712020:ac03dc4b-ffe6-4f35-ba83-41f3c30a3c67,IT Factory,712020:ac03dc4b-ffe6-4f35-ba83-41f3c30a3c67,24/Feb/25 7:58 PM,25/Feb/25 3:41 PM,,,Primariatechirghiol_v1.0_english,,0,"By pressing this button, the end user should be redirected to the website:

[http://www.senat.ro|http://www.senat.ro/]",,IT Factory,712020:ac03dc4b-ffe6-4f35-ba83-41f3c30a3c67,,,,,,,,,NPT-124,NPT-138,NPT-139,NPT-140,NPT-143,NPT-144,,,,,,,,,,,,,,,,,,,,,com.atlassian.servicedesk.plugins.approvals.internal.customfield.ApprovalsCFValue@56e47931,,,,,,,,,,,,NPT-124,Useful links menu/sidebar (on the right),,,,,,,,,,,,,,,,,0|i01mbt:,,,,,,,,,,,NPT Sprint 2,,,,,,,,,,,,,,,,,,,,,21609,Useful links menu/sidebar (on the right),To Do,24/Feb/25 7:58 PM
Button: ”Guvernul României”,NPT-131,21616,Story,To Do,NPT,Norbert Poka_TM2,software,ITF Classes,712020:8ab46ca2-145f-4a56-a13e-bb85ee67acea,,Medium,,IT Factory,712020:ac03dc4b-ffe6-4f35-ba83-41f3c30a3c67,IT Factory,712020:ac03dc4b-ffe6-4f35-ba83-41f3c30a3c67,IT Factory,712020:ac03dc4b-ffe6-4f35-ba83-41f3c30a3c67,24/Feb/25 7:58 PM,25/Feb/25 3:41 PM,,,Primariatechirghiol_v1.0_english,,0,"By pressing this button, the end user should be redirected to the website:

[http://www.guv.ro|http://www.guv.ro/]",,IT Factory,712020:ac03dc4b-ffe6-4f35-ba83-41f3c30a3c67,,,,,,,,,NPT-124,NPT-138,NPT-139,NPT-140,NPT-143,NPT-144,,,,,,,,,,,,,,,,,,,,,com.atlassian.servicedesk.plugins.approvals.internal.customfield.ApprovalsCFValue@75b63f6,,,,,,,,,,,,NPT-124,Useful links menu/sidebar (on the right),,,,,,,,,,,,,,,,,0|i01mbl:,,,,,,,,,,,NPT Sprint 2,,,,,,,,,,,,,,,,,,,,,21609,Useful links menu/sidebar (on the right),To Do,24/Feb/25 7:58 PM
Button: ”Președintele României”,NPT-130,21615,Story,To Do,NPT,Norbert Poka_TM2,software,ITF Classes,712020:8ab46ca2-145f-4a56-a13e-bb85ee67acea,,Medium,,IT Factory,712020:ac03dc4b-ffe6-4f35-ba83-41f3c30a3c67,IT Factory,712020:ac03dc4b-ffe6-4f35-ba83-41f3c30a3c67,IT Factory,712020:ac03dc4b-ffe6-4f35-ba83-41f3c30a3c67,24/Feb/25 7:57 PM,25/Feb/25 3:41 PM,25/Feb/25 3:41 PM,,Primariatechirghiol_v1.0_english,,0,"This button should redirect the end user to the website:

[http://www.presidency.ro|http://www.presidency.ro/]",,IT Factory,712020:ac03dc4b-ffe6-4f35-ba83-41f3c30a3c67,,,,,,,,,NPT-124,NPT-138,NPT-139,NPT-140,NPT-143,NPT-144,,,,,,,,,,,,,,,,,,,,,com.atlassian.servicedesk.plugins.approvals.internal.customfield.ApprovalsCFValue@75e3447e,,,,,,,,,,,,NPT-124,Useful links menu/sidebar (on the right),,,,,,,,,,,,,,,,,0|i01mbd:,,,,,,,,,,,NPT Sprint 2,,,,,,,,,,,,,,,,,,,,,21609,Useful links menu/sidebar (on the right),To Do,24/Feb/25 7:57 PM
Button: ”AM PODCA”,NPT-129,21614,Story,To Do,NPT,Norbert Poka_TM2,software,ITF Classes,712020:8ab46ca2-145f-4a56-a13e-bb85ee67acea,,Medium,,IT Factory,712020:ac03dc4b-ffe6-4f35-ba83-41f3c30a3c67,IT Factory,712020:ac03dc4b-ffe6-4f35-ba83-41f3c30a3c67,IT Factory,712020:ac03dc4b-ffe6-4f35-ba83-41f3c30a3c67,24/Feb/25 7:55 PM,25/Feb/25 3:41 PM,,,Primariatechirghiol_v1.0_english,,0,"By pressing this button, the end user should be redirected to the website:

[http://www.fonduriadministratie.ro|http://www.fonduriadministratie.ro/]",,IT Factory,712020:ac03dc4b-ffe6-4f35-ba83-41f3c30a3c67,,,,,,,,,NPT-124,NPT-138,NPT-139,NPT-140,NPT-141,NPT-143,NPT-144,NPT-146,NPT-148,NPT-150,NPT-152,,,,,,,,,,,,,,,,com.atlassian.servicedesk.plugins.approvals.internal.customfield.ApprovalsCFValue@7fa8f515,,,,,,,,,,,,NPT-124,Useful links menu/sidebar (on the right),,,,,,,,,,,,,,,,,0|i01mb5:,,,,,,,,,,,NPT Sprint 2,,,,,,,,,,,,,,,,,,,,,21609,Useful links menu/sidebar (on the right),To Do,24/Feb/25 7:55 PM
YouTube Options (right click),NPT-127,21612,Story,To Do,NPT,Norbert Poka_TM2,software,ITF Classes,712020:8ab46ca2-145f-4a56-a13e-bb85ee67acea,,Medium,,IT Factory,712020:ac03dc4b-ffe6-4f35-ba83-41f3c30a3c67,IT Factory,712020:ac03dc4b-ffe6-4f35-ba83-41f3c30a3c67,IT Factory,712020:ac03dc4b-ffe6-4f35-ba83-41f3c30a3c67,24/Feb/25 7:28 PM,25/Feb/25 3:41 PM,,,Primariatechirghiol_v1.0_english,,0,"By pressing the right mouse button on the surface on which it is placed, with the click positioned on a free area of ​​the video, several options offered by the YouTube platform appear:

* Account;
* Loop;
* Copy video URL;
* Copy video URL at current time;
* Copy embed code;
* Copy debug info;
* Troubleshoot playback issue;
* Stats for nerds.",,IT Factory,712020:ac03dc4b-ffe6-4f35-ba83-41f3c30a3c67,,,,,,,,,NPT-128,,,,,,,,,,,NPT-122,,,,,,,,,,,,,,,com.atlassian.servicedesk.plugins.approvals.internal.customfield.ApprovalsCFValue@5a09c036,,,,,,,,,,,,NPT-122,The video integrated into the website (under cb_menu),,,,,,,,,,,,,,,,,0|i01map:,,,,,,,,,,,NPT Sprint 2,,,,,,,,,,,,,,,,,,,,,21607,The video integrated into the website (under cb_menu),To Do,24/Feb/25 7:28 PM
"Transparent button with text (white): ""Watch on YouTube""",NPT-126,21611,Story,To Do,NPT,Norbert Poka_TM2,software,ITF Classes,712020:8ab46ca2-145f-4a56-a13e-bb85ee67acea,,Medium,,IT Factory,712020:ac03dc4b-ffe6-4f35-ba83-41f3c30a3c67,IT Factory,712020:ac03dc4b-ffe6-4f35-ba83-41f3c30a3c67,IT Factory,712020:ac03dc4b-ffe6-4f35-ba83-41f3c30a3c67,24/Feb/25 7:27 PM,25/Feb/25 3:41 PM,25/Feb/25 3:39 PM,,Primariatechirghiol_v1.0_english,,0,"When pressing the transparent button, with the text: ""Watch on YouTube"", which is located in a low area above the video on the website, the end user is redirected to the YouTube platform to watch the video ""iluminat public Techirghiol"".",,IT Factory,712020:ac03dc4b-ffe6-4f35-ba83-41f3c30a3c67,,,,,,,,,NPT-128,,,,,,,,,,,NPT-122,,,,,,,,,,,,,,,com.atlassian.servicedesk.plugins.approvals.internal.customfield.ApprovalsCFValue@69db9459,,,,,,,,,,,,NPT-122,The video integrated into the website (under cb_menu),,,,,,,,,,,,,,,,,0|i01mah:,,,,,,,,,,,NPT Sprint 2,,,,,,,,,,,,,,,,,,,,,21607,The video integrated into the website (under cb_menu),To Do,24/Feb/25 7:27 PM
The red video play button,NPT-125,21610,Story,To Do,NPT,Norbert Poka_TM2,software,ITF Classes,712020:8ab46ca2-145f-4a56-a13e-bb85ee67acea,,Medium,,IT Factory,712020:ac03dc4b-ffe6-4f35-ba83-41f3c30a3c67,IT Factory,712020:ac03dc4b-ffe6-4f35-ba83-41f3c30a3c67,IT Factory,712020:ac03dc4b-ffe6-4f35-ba83-41f3c30a3c67,24/Feb/25 7:05 PM,25/Feb/25 3:41 PM,25/Feb/25 3:29 PM,,Primariatechirghiol_v1.0_english,,0,"When you click the red button with a white triangle pointing to the right, which is found in the center of the video on the website, the video on the website starts playing. Specific YouTube platform functionalities appear while watching the video, functionalities that are intended to contribute positively to maintaining a conducive environment for the end user to watch video content.",,IT Factory,712020:ac03dc4b-ffe6-4f35-ba83-41f3c30a3c67,,,,,,,,,NPT-128,,,,,,,,,,,NPT-122,,,,,,,,,,,,,,,com.atlassian.servicedesk.plugins.approvals.internal.customfield.ApprovalsCFValue@2acebef9,,,,,,,,,,,,NPT-122,The video integrated into the website (under cb_menu),,,,,,,,,,,,,,,,,0|i01ma9:,,,,,,,,,,,NPT Sprint 2,,,,,,,,,,,,,,,,,,,,,21607,The video integrated into the website (under cb_menu),To Do,24/Feb/25 7:05 PM
Text: ”Powered by INDRA SISTEMAS S.A.”,NPT-61,18861,Story,To Do,NPT,Norbert Poka_TM2,software,ITF Classes,712020:8ab46ca2-145f-4a56-a13e-bb85ee67acea,,Highest,,IT Factory,712020:ac03dc4b-ffe6-4f35-ba83-41f3c30a3c67,IT Factory,712020:ac03dc4b-ffe6-4f35-ba83-41f3c30a3c67,IT Factory,712020:ac03dc4b-ffe6-4f35-ba83-41f3c30a3c67,17/Jun/24 7:14 PM,25/Jul/24 9:23 PM,,,2-Primariatechirghiol_versiunea_1.0_ro,,0,"În partea dreaptă a părții de jos a/bottom-ului site-ului web se află text-link-ul: ”Powered by INDRA SISTEMAS S.A.”, de culoare gri închis.",,IT Factory,712020:ac03dc4b-ffe6-4f35-ba83-41f3c30a3c67,,,,,,,,,,,,,,,,,,,,,,,,,,,,,,,,,,,com.atlassian.servicedesk.plugins.approvals.internal.customfield.ApprovalsCFValue@1a7d0ea5,,,,,,,,,,,,,,,,,,,,,,,,,,,,,,0|i01b95:,,,,,,,,,,,,,,,,,,,,,,,,,,,,,,,,,,To Do,25/Jul/24 7:19 AM
Text: ”Designed by INDRA SISTEMAS S.A.”,NPT-60,18860,Story,To Do,NPT,Norbert Poka_TM2,software,ITF Classes,712020:8ab46ca2-145f-4a56-a13e-bb85ee67acea,,Highest,,IT Factory,712020:ac03dc4b-ffe6-4f35-ba83-41f3c30a3c67,IT Factory,712020:ac03dc4b-ffe6-4f35-ba83-41f3c30a3c67,IT Factory,712020:ac03dc4b-ffe6-4f35-ba83-41f3c30a3c67,17/Jun/24 7:09 PM,25/Jul/24 9:23 PM,,,2-Primariatechirghiol_versiunea_1.0_ro,,0,"În centrul părții de jos a/bottom-ului site-ului web se află text-link-ul: ”Designed by INDRA SISTEMAS S.A.”, de culoare gri închis.",,IT Factory,712020:ac03dc4b-ffe6-4f35-ba83-41f3c30a3c67,,,,,,,,,,,,,,,,,,,,,,,,,,,,,,,,,,,com.atlassian.servicedesk.plugins.approvals.internal.customfield.ApprovalsCFValue@79327c90,,,,,,,,,,,,,,,,,,,,,,,,,,,,,,0|i01b8x:,,,,,,,,,,,,,,,,,,,,,,,,,,,,,,,,,,To Do,25/Jul/24 7:18 AM
Iconiță ”știri” + Text: ”Stiri”,NPT-59,18859,Story,To Do,NPT,Norbert Poka_TM2,software,ITF Classes,712020:8ab46ca2-145f-4a56-a13e-bb85ee67acea,,Highest,,IT Factory,712020:ac03dc4b-ffe6-4f35-ba83-41f3c30a3c67,IT Factory,712020:ac03dc4b-ffe6-4f35-ba83-41f3c30a3c67,IT Factory,712020:ac03dc4b-ffe6-4f35-ba83-41f3c30a3c67,17/Jun/24 7:06 PM,25/Jul/24 9:23 PM,,,2-Primariatechirghiol_versiunea_1.0_ro,,0,"În centrul părții de jos a/bottom-ului site-ului web se află iconița ”știri” + textul-link: ”Stiri”, ambele de culoare gri închis.",,IT Factory,712020:ac03dc4b-ffe6-4f35-ba83-41f3c30a3c67,,,,,,,,,,,,,,,,,,,,,,,,,,,,,,,,,,,com.atlassian.servicedesk.plugins.approvals.internal.customfield.ApprovalsCFValue@3e33839e,,,,,,,,,,,,,,,,,,,,,,,,,,,,,,0|i01b8p:,,,,,,,,,,,,,,,,,,,,,,,,,,,,,,,,,,To Do,25/Jul/24 7:18 AM
Text: ”© 2023 Primaria Techirghiol”,NPT-58,18857,Story,To Do,NPT,Norbert Poka_TM2,software,ITF Classes,712020:8ab46ca2-145f-4a56-a13e-bb85ee67acea,,Highest,,IT Factory,712020:ac03dc4b-ffe6-4f35-ba83-41f3c30a3c67,IT Factory,712020:ac03dc4b-ffe6-4f35-ba83-41f3c30a3c67,IT Factory,712020:ac03dc4b-ffe6-4f35-ba83-41f3c30a3c67,17/Jun/24 3:51 PM,25/Jul/24 9:23 PM,,,2-Primariatechirghiol_versiunea_1.0_ro,,0,"În stânga părții de jos a/bottom-ului site-ului web se află text-link-ul: ”© 2023 Primaria Techirghiol”, de culoare gri închis.",,IT Factory,712020:ac03dc4b-ffe6-4f35-ba83-41f3c30a3c67,,,,,,,,,,,,,,,,,,,,,,,,,,,,,,,,,,,com.atlassian.servicedesk.plugins.approvals.internal.customfield.ApprovalsCFValue@1d09d899,,,,,,,,,,,,,,,,,,,,,,,,,,,,,,0|i01b89:,,,,,,,,,,,,,,,,,,,,,,,,,,,,,,,,,,To Do,25/Jul/24 7:18 AM
Titlul meniului: ”Link-uri Utile”,NPT-57,18856,Story,Done,NPT,Norbert Poka_TM2,software,ITF Classes,712020:8ab46ca2-145f-4a56-a13e-bb85ee67acea,,Medium,Done,IT Factory,712020:ac03dc4b-ffe6-4f35-ba83-41f3c30a3c67,IT Factory,712020:ac03dc4b-ffe6-4f35-ba83-41f3c30a3c67,IT Factory,712020:ac03dc4b-ffe6-4f35-ba83-41f3c30a3c67,17/Jun/24 3:29 PM,25/Jul/24 7:16 AM,,25/Jul/24 7:16 AM,Primariatechirghiol.ro_versiunea_1.0_limba_română,,0,"Titlul acestui meniu este amplasat pe partea dreaptă a paginii/sidebar, deasupra butoanelor: AM PODCA, Președintele României, Guvernul României, Senatul României, Camera Deputaților, Uniunea Europeană, Infoeuropa, Ministerul Dezvoltării Regionale și Turismului.",,IT Factory,712020:ac03dc4b-ffe6-4f35-ba83-41f3c30a3c67,,,,,,,,,NPT-25,,,,,,,,,,,NPT-93,NPT-94,NPT-95,NPT-99,NPT-100,,,,,,,,,,,com.atlassian.servicedesk.plugins.approvals.internal.customfield.ApprovalsCFValue@50317d50,,,,,,,,,,,,NPT-25,Meniul de link-uri utile/sidebar-ul (pe partea dreaptă),,,,,,,,,,,,,,,,,0|i01b81:,,,,,,,,,,,NPT Sprint 1,,,,,,,,,,,,,,,,,,,3_*:*_1_*:*_3253574209_*|*_10000_*:*_1_*:*_620_*|*_10001_*:*_1_*:*_0,,18798,Meniul de link-uri utile/sidebar-ul (pe partea dreaptă),Done,25/Jul/24 7:16 AM
Buton: ”Ministerul Dezvoltării Regionale și Turismului”,NPT-56,18855,Story,Done,NPT,Norbert Poka_TM2,software,ITF Classes,712020:8ab46ca2-145f-4a56-a13e-bb85ee67acea,,Medium,Done,IT Factory,712020:ac03dc4b-ffe6-4f35-ba83-41f3c30a3c67,IT Factory,712020:ac03dc4b-ffe6-4f35-ba83-41f3c30a3c67,IT Factory,712020:ac03dc4b-ffe6-4f35-ba83-41f3c30a3c67,17/Jun/24 3:22 PM,25/Jul/24 7:16 AM,,25/Jul/24 7:16 AM,Primariatechirghiol.ro_versiunea_1.0_limba_română,,0,"Prin apăsarea butonului acesta, utilizatorul final ar trebui să fie redirecționat către site-ul web al fostului Minister al Dezvoltării Regionale și Turismului, actual ”Ministerul Dezvoltării, Lucrărilor Publice și Administrației”:

[https://mdlpa.ro|https://mdlpa.ro]",,IT Factory,712020:ac03dc4b-ffe6-4f35-ba83-41f3c30a3c67,,,,,,,,,NPT-25,,,,,,,,,,,NPT-93,NPT-94,NPT-95,NPT-97,NPT-99,NPT-100,NPT-102,NPT-104,NPT-106,NPT-108,,,,,,com.atlassian.servicedesk.plugins.approvals.internal.customfield.ApprovalsCFValue@63d0970c,,,,,,,,,,,,NPT-25,Meniul de link-uri utile/sidebar-ul (pe partea dreaptă),,,,,,,,,,,,,,,,,0|i01b7t:,,,,,,,,,,,NPT Sprint 1,,,,,,,,,,,,,,,,,,,3_*:*_1_*:*_3254010380_*|*_10000_*:*_1_*:*_542_*|*_10001_*:*_1_*:*_0,,18798,Meniul de link-uri utile/sidebar-ul (pe partea dreaptă),Done,25/Jul/24 7:16 AM
Buton: ”Infoeuropa”,NPT-55,18854,Story,Done,NPT,Norbert Poka_TM2,software,ITF Classes,712020:8ab46ca2-145f-4a56-a13e-bb85ee67acea,,Medium,Done,IT Factory,712020:ac03dc4b-ffe6-4f35-ba83-41f3c30a3c67,IT Factory,712020:ac03dc4b-ffe6-4f35-ba83-41f3c30a3c67,IT Factory,712020:ac03dc4b-ffe6-4f35-ba83-41f3c30a3c67,17/Jun/24 3:19 PM,25/Jul/24 3:26 PM,,25/Jul/24 7:16 AM,Primariatechirghiol.ro_versiunea_1.0_limba_română,,0,"Prin apăsarea butonului acesta, utilizatorul final ar trebui să fie redirecționat către site-ul web:

[http://ec.europa.eu/romania/index_ro|http://ec.europa.eu/romania/index_ro.htm]",,IT Factory,712020:ac03dc4b-ffe6-4f35-ba83-41f3c30a3c67,,,,,,,,,NPT-25,NPT-93,NPT-94,NPT-95,NPT-100,NPT-99,,,,,,,,,,,,,,,,,,,,,com.atlassian.servicedesk.plugins.approvals.internal.customfield.ApprovalsCFValue@768b82c6,,,,,,,,,,,,NPT-25,Meniul de link-uri utile/sidebar-ul (pe partea dreaptă),,,,,,,,,,,,,,,,,0|i01b7l:,,,,,,,,,,,NPT Sprint 1,,,,,,,,,,,,,,,,,,,3_*:*_1_*:*_3253805374_*|*_10000_*:*_1_*:*_374732_*|*_10001_*:*_1_*:*_0,,18798,Meniul de link-uri utile/sidebar-ul (pe partea dreaptă),Done,25/Jul/24 7:16 AM
Buton: ”Uniunea Europeană”,NPT-54,18853,Story,Done,NPT,Norbert Poka_TM2,software,ITF Classes,712020:8ab46ca2-145f-4a56-a13e-bb85ee67acea,,Medium,Done,IT Factory,712020:ac03dc4b-ffe6-4f35-ba83-41f3c30a3c67,IT Factory,712020:ac03dc4b-ffe6-4f35-ba83-41f3c30a3c67,IT Factory,712020:ac03dc4b-ffe6-4f35-ba83-41f3c30a3c67,17/Jun/24 3:18 PM,25/Jul/24 3:27 PM,,25/Jul/24 7:16 AM,Primariatechirghiol.ro_versiunea_1.0_limba_română,,0,"Prin apăsarea butonului acesta, utilizatorul final ar trebui să fie redirecționat către site-ul web:

[http://europa.eu/index_ro|http://europa.eu/index_ro] ",,IT Factory,712020:ac03dc4b-ffe6-4f35-ba83-41f3c30a3c67,,,,,,,,,NPT-25,NPT-99,,,,,,,,,,NPT-93,NPT-94,NPT-95,NPT-100,,,,,,,,,,,,com.atlassian.servicedesk.plugins.approvals.internal.customfield.ApprovalsCFValue@1924e528,,,,,,,,,,,,NPT-25,Meniul de link-uri utile/sidebar-ul (pe partea dreaptă),,,,,,,,,,,,,,,,,0|i01b7d:,,,,,,,,,,,NPT Sprint 1,,,,,,,,,,,,,,,,,,,3_*:*_1_*:*_3254279410_*|*_10000_*:*_1_*:*_559_*|*_10001_*:*_1_*:*_0,,18798,Meniul de link-uri utile/sidebar-ul (pe partea dreaptă),Done,25/Jul/24 7:16 AM
Buton: ”Camera Deputaților”,NPT-53,18852,Story,Done,NPT,Norbert Poka_TM2,software,ITF Classes,712020:8ab46ca2-145f-4a56-a13e-bb85ee67acea,,Medium,Done,IT Factory,712020:ac03dc4b-ffe6-4f35-ba83-41f3c30a3c67,IT Factory,712020:ac03dc4b-ffe6-4f35-ba83-41f3c30a3c67,IT Factory,712020:ac03dc4b-ffe6-4f35-ba83-41f3c30a3c67,17/Jun/24 3:16 PM,25/Jul/24 3:25 PM,,25/Jul/24 7:15 AM,Primariatechirghiol.ro_versiunea_1.0_limba_română,,0,"Prin apăsarea butonului acesta, utilizatorul final ar trebui să fie redirecționat către site-ul web:

[http://www.cdep.ro|http://www.cdep.ro/]",,IT Factory,712020:ac03dc4b-ffe6-4f35-ba83-41f3c30a3c67,,,,,,,,,NPT-25,NPT-99,,,,,,,,,,NPT-93,NPT-94,NPT-95,NPT-100,,,,,,,,,,,,com.atlassian.servicedesk.plugins.approvals.internal.customfield.ApprovalsCFValue@6c7c2467,,,,,,,,,,,,NPT-25,Meniul de link-uri utile/sidebar-ul (pe partea dreaptă),,,,,,,,,,,,,,,,,0|i01b75:,,,,,,,,,,,NPT Sprint 1,,,,,,,,,,,,,,,,,,,3_*:*_1_*:*_3254345090_*|*_10000_*:*_1_*:*_580_*|*_10001_*:*_1_*:*_0,,18798,Meniul de link-uri utile/sidebar-ul (pe partea dreaptă),Done,25/Jul/24 7:15 AM
Buton: ”Senatul României”,NPT-52,18851,Story,Done,NPT,Norbert Poka_TM2,software,ITF Classes,712020:8ab46ca2-145f-4a56-a13e-bb85ee67acea,,Medium,Done,IT Factory,712020:ac03dc4b-ffe6-4f35-ba83-41f3c30a3c67,IT Factory,712020:ac03dc4b-ffe6-4f35-ba83-41f3c30a3c67,IT Factory,712020:ac03dc4b-ffe6-4f35-ba83-41f3c30a3c67,17/Jun/24 3:16 PM,25/Jul/24 7:15 AM,,25/Jul/24 7:15 AM,Primariatechirghiol.ro_versiunea_1.0_limba_română,,0,"Prin apăsarea butonului acesta, utilizatorul final ar trebui să fie redirecționat către site-ul web: 

[http://www.senat.ro|http://www.senat.ro/]",,IT Factory,712020:ac03dc4b-ffe6-4f35-ba83-41f3c30a3c67,,,,,,,,,NPT-25,,,,,,,,,,,NPT-93,NPT-94,NPT-95,NPT-99,NPT-100,,,,,,,,,,,com.atlassian.servicedesk.plugins.approvals.internal.customfield.ApprovalsCFValue@30e4b55e,,,,,,,,,,,,NPT-25,Meniul de link-uri utile/sidebar-ul (pe partea dreaptă),,,,,,,,,,,,,,,,,0|i01b6x:,,,,,,,,,,,NPT Sprint 1,,,,,,,,,,,,,,,,,,,3_*:*_1_*:*_3253802371_*|*_10000_*:*_1_*:*_593308_*|*_10001_*:*_1_*:*_0,,18798,Meniul de link-uri utile/sidebar-ul (pe partea dreaptă),Done,25/Jul/24 7:15 AM
Buton: ”Guvernul României”,NPT-51,18850,Story,Done,NPT,Norbert Poka_TM2,software,ITF Classes,712020:8ab46ca2-145f-4a56-a13e-bb85ee67acea,,Medium,Done,IT Factory,712020:ac03dc4b-ffe6-4f35-ba83-41f3c30a3c67,IT Factory,712020:ac03dc4b-ffe6-4f35-ba83-41f3c30a3c67,IT Factory,712020:ac03dc4b-ffe6-4f35-ba83-41f3c30a3c67,17/Jun/24 3:15 PM,25/Jul/24 7:15 AM,,25/Jul/24 7:15 AM,Primariatechirghiol.ro_versiunea_1.0_limba_română,,0,"Prin apăsarea butonului acesta, utilizatorul final ar trebui să fie redirecționat către site-ul web: 

[http://www.guv.ro|http://www.guv.ro/]",,IT Factory,712020:ac03dc4b-ffe6-4f35-ba83-41f3c30a3c67,,,,,,,,,NPT-25,,,,,,,,,,,NPT-93,NPT-94,NPT-95,NPT-99,NPT-100,,,,,,,,,,,com.atlassian.servicedesk.plugins.approvals.internal.customfield.ApprovalsCFValue@5da5a24c,,,,,,,,,,,,NPT-25,Meniul de link-uri utile/sidebar-ul (pe partea dreaptă),,,,,,,,,,,,,,,,,0|i01b6p:,,,,,,,,,,,NPT Sprint 1,,,,,,,,,,,,,,,,,,,3_*:*_1_*:*_3254434505_*|*_10000_*:*_1_*:*_650_*|*_10001_*:*_1_*:*_0,,18798,Meniul de link-uri utile/sidebar-ul (pe partea dreaptă),Done,25/Jul/24 7:15 AM
Buton: ”Președintele României”,NPT-50,18849,Story,Done,NPT,Norbert Poka_TM2,software,ITF Classes,712020:8ab46ca2-145f-4a56-a13e-bb85ee67acea,,Medium,Done,IT Factory,712020:ac03dc4b-ffe6-4f35-ba83-41f3c30a3c67,IT Factory,712020:ac03dc4b-ffe6-4f35-ba83-41f3c30a3c67,IT Factory,712020:ac03dc4b-ffe6-4f35-ba83-41f3c30a3c67,17/Jun/24 3:12 PM,25/Jul/24 7:15 AM,,25/Jul/24 7:15 AM,Primariatechirghiol.ro_versiunea_1.0_limba_română,,0,"Butonul acesta ar trebui să redirecționeze utilizatorul final către site-ul web: 

[http://www.presidency.ro|http://www.presidency.ro/]",,IT Factory,712020:ac03dc4b-ffe6-4f35-ba83-41f3c30a3c67,,,,,,,,,NPT-25,,,,,,,,,,,NPT-93,NPT-94,NPT-95,NPT-99,NPT-100,,,,,,,,,,,com.atlassian.servicedesk.plugins.approvals.internal.customfield.ApprovalsCFValue@2522c87c,,,,,,,,,,,,NPT-25,Meniul de link-uri utile/sidebar-ul (pe partea dreaptă),,,,,,,,,,,,,,,,,0|i01b6h:,,,,,,,,,,,NPT Sprint 1,,,,,,,,,,,,,,,,,,,3_*:*_1_*:*_3254598909_*|*_10000_*:*_1_*:*_642_*|*_10001_*:*_1_*:*_0,,18798,Meniul de link-uri utile/sidebar-ul (pe partea dreaptă),Done,25/Jul/24 7:15 AM
Buton: ”AM PODCA”,NPT-49,18848,Story,Done,NPT,Norbert Poka_TM2,software,ITF Classes,712020:8ab46ca2-145f-4a56-a13e-bb85ee67acea,,Medium,Done,IT Factory,712020:ac03dc4b-ffe6-4f35-ba83-41f3c30a3c67,IT Factory,712020:ac03dc4b-ffe6-4f35-ba83-41f3c30a3c67,IT Factory,712020:ac03dc4b-ffe6-4f35-ba83-41f3c30a3c67,17/Jun/24 3:11 PM,25/Jul/24 7:15 AM,,25/Jul/24 7:15 AM,Primariatechirghiol.ro_versiunea_1.0_limba_română,,0,"Prin apăsarea butonului acesta, utilizatorul final ar trebui să fie redirecționat către site-ul web: 

[http://www.fonduriadministratie.ro|http://www.fonduriadministratie.ro/]",,IT Factory,712020:ac03dc4b-ffe6-4f35-ba83-41f3c30a3c67,,,,,,,,,NPT-25,,,,,,,,,,,NPT-93,NPT-94,NPT-95,NPT-96,NPT-99,NPT-100,NPT-101,NPT-103,NPT-105,NPT-107,,,,,,com.atlassian.servicedesk.plugins.approvals.internal.customfield.ApprovalsCFValue@63b81380,,,,,,,,,,,,NPT-25,Meniul de link-uri utile/sidebar-ul (pe partea dreaptă),,,,,,,,,,,,,,,,,0|i01b69:,,,,,,,,,,,NPT Sprint 1,,,,,,,,,,,,,,,,,,,3_*:*_1_*:*_3254664483_*|*_10000_*:*_1_*:*_543_*|*_10001_*:*_1_*:*_0,,18798,Meniul de link-uri utile/sidebar-ul (pe partea dreaptă),Done,25/Jul/24 7:15 AM
Box-ul ”Gradina Botanica”,NPT-48,18846,Story,To Do,NPT,Norbert Poka_TM2,software,ITF Classes,712020:8ab46ca2-145f-4a56-a13e-bb85ee67acea,,Low,,IT Factory,712020:ac03dc4b-ffe6-4f35-ba83-41f3c30a3c67,IT Factory,712020:ac03dc4b-ffe6-4f35-ba83-41f3c30a3c67,IT Factory,712020:ac03dc4b-ffe6-4f35-ba83-41f3c30a3c67,17/Jun/24 2:24 PM,25/Jul/24 9:23 PM,,,2-Primariatechirghiol_versiunea_1.0_ro,,0,"Partea acestei secțiuni, sub formă de ”box”, este amplasată pe partea stângă a paginii/leftsidebar, deasupra footer-ului site-ului web, strict sub această secțiune. 

Utilizatorul final ar trebui să fie redirecționat către mai multe informații privitoare la obiectivul turistic ”Grădina Botanică Techirghiol”: [https://www.primariatechirghiol.ro/gradina-botanica|https://www.primariatechirghiol.ro/gradina-botanica|smart-link] ",,IT Factory,712020:ac03dc4b-ffe6-4f35-ba83-41f3c30a3c67,,,,,,,,,NPT-31,,,,,,,,,,,NPT-87,NPT-88,NPT-89,NPT-90,NPT-91,NPT-92,,,,,17/Jun/24 2:39 PM;712020:ac03dc4b-ffe6-4f35-ba83-41f3c30a3c67;Screenshot (17820).png;https://itfclasses.atlassian.net/rest/api/3/attachment/content/11465,,,,,com.atlassian.servicedesk.plugins.approvals.internal.customfield.ApprovalsCFValue@1398333c,,,,,,,,,,,,NPT-31,Grădina Botanică-leftsidebar (prezent pe partea stângă a paginii),,,,,,,,,,,,,,,,,0|i01b5t:,,,,,,,,,,,,,,,,,,,,,,,,,,,,,,,"17/Jun/24 2:39 PM;712020:ac03dc4b-ffe6-4f35-ba83-41f3c30a3c67;

!Screenshot (17820).png|width=1329,height=1012,alt=""Screenshot (17820).png""!",18809,Grădina Botanică-leftsidebar (prezent pe partea stângă a paginii),To Do,25/Jul/24 8:37 PM
Titlul secțiunii: ”Grădina Botanică”,NPT-47,18845,Story,To Do,NPT,Norbert Poka_TM2,software,ITF Classes,712020:8ab46ca2-145f-4a56-a13e-bb85ee67acea,,Low,,IT Factory,712020:ac03dc4b-ffe6-4f35-ba83-41f3c30a3c67,IT Factory,712020:ac03dc4b-ffe6-4f35-ba83-41f3c30a3c67,IT Factory,712020:ac03dc4b-ffe6-4f35-ba83-41f3c30a3c67,17/Jun/24 2:22 PM,25/Jul/24 9:23 PM,,,2-Primariatechirghiol_versiunea_1.0_ro,,0,"Titlul aceste secțiuni este amplasat pe partea stângă a paginii/leftsidebar, deasupra footer-ului site-ului web, strict deasupra text-ului-link ”Gradina Botanica” care aparține acestei secțiuni.",,IT Factory,712020:ac03dc4b-ffe6-4f35-ba83-41f3c30a3c67,,,,,,,,,NPT-31,,,,,,,,,,,NPT-85,NPT-86,,,,,,,,,,,,,,com.atlassian.servicedesk.plugins.approvals.internal.customfield.ApprovalsCFValue@381e682f,,,,,,,,,,,,NPT-31,Grădina Botanică-leftsidebar (prezent pe partea stângă a paginii),,,,,,,,,,,,,,,,,0|i01b5l:,,,,,,,,,,,,,,,,,,,,,,,,,,,,,,,,18809,Grădina Botanică-leftsidebar (prezent pe partea stângă a paginii),To Do,25/Jul/24 8:37 PM
Secțiunea: ”Rapoarte anuale”,NPT-45,18843,Story,Done,NPT,Norbert Poka_TM2,software,ITF Classes,712020:8ab46ca2-145f-4a56-a13e-bb85ee67acea,,Low,Done,IT Factory,712020:ac03dc4b-ffe6-4f35-ba83-41f3c30a3c67,IT Factory,712020:ac03dc4b-ffe6-4f35-ba83-41f3c30a3c67,IT Factory,712020:ac03dc4b-ffe6-4f35-ba83-41f3c30a3c67,17/Jun/24 2:00 PM,25/Jul/24 2:19 PM,,25/Jul/24 8:10 AM,Primariatechirghiol.ro_versiunea_1.0_limba_română,,0,"Secțiunea meniului ”RUTI conform SNA”, sub formă de text-link, este amplasată pe partea stângă a paginii/leftsidebar, strict sub titlul meniului menționat anterior.

Utilizatorul final ar trebui să fie redirecționat către mai multe informații privitoare la secțiune.",,IT Factory,712020:ac03dc4b-ffe6-4f35-ba83-41f3c30a3c67,,,,,,,,,NPT-30,,,,,,,,,,,NPT-46,NPT-109,NPT-111,NPT-115,NPT-117,NPT-119,,,,,,,,,,com.atlassian.servicedesk.plugins.approvals.internal.customfield.ApprovalsCFValue@55a6d152,,,,,,,,,,,,NPT-30,RUTI conform SNA-leftsidebar (prezent pe partea stângă a paginii),,,,,,,,,,,,,,,,,0|i01b55:,,,,,,,,,,,NPT Sprint 1,,,,,,,,,,,,,,,,,,,3_*:*_1_*:*_3262187651_*|*_10000_*:*_1_*:*_622_*|*_10001_*:*_1_*:*_0,,18808,RUTI conform SNA-leftsidebar (prezent pe partea stângă a paginii),Done,25/Jul/24 8:10 AM
Titlul meniului: ”RUTI conform SNA”,NPT-44,18842,Story,Done,NPT,Norbert Poka_TM2,software,ITF Classes,712020:8ab46ca2-145f-4a56-a13e-bb85ee67acea,,Low,Done,IT Factory,712020:ac03dc4b-ffe6-4f35-ba83-41f3c30a3c67,IT Factory,712020:ac03dc4b-ffe6-4f35-ba83-41f3c30a3c67,IT Factory,712020:ac03dc4b-ffe6-4f35-ba83-41f3c30a3c67,17/Jun/24 1:57 PM,25/Jul/24 2:04 PM,,25/Jul/24 8:10 AM,Primariatechirghiol.ro_versiunea_1.0_limba_română,,0,"Titlul acestui meniu este amplasat pe partea stângă a paginii/leftsidebar, strict deasupra secțiunii ”Rapoarte anuale” care aparține acestui meniu.",,IT Factory,712020:ac03dc4b-ffe6-4f35-ba83-41f3c30a3c67,,,,,,,,,NPT-30,,,,,,,,,,,NPT-109,NPT-111,NPT-115,NPT-117,NPT-119,,,,,,,,,,,com.atlassian.servicedesk.plugins.approvals.internal.customfield.ApprovalsCFValue@3eaa8d42,,,,,,,,,,,,NPT-30,RUTI conform SNA-leftsidebar (prezent pe partea stângă a paginii),,,,,,,,,,,,,,,,,0|i01b4x:,,,,,,,,,,,NPT Sprint 1,,,,,,,,,,,,,,,,,,,3_*:*_1_*:*_3262381707_*|*_10000_*:*_1_*:*_725_*|*_10001_*:*_1_*:*_0,,18808,RUTI conform SNA-leftsidebar (prezent pe partea stângă a paginii),Done,25/Jul/24 8:10 AM
Opțiuni YouTube (click dreapta),NPT-43,18841,Story,Done,NPT,Norbert Poka_TM2,software,ITF Classes,712020:8ab46ca2-145f-4a56-a13e-bb85ee67acea,,Medium,Done,IT Factory,712020:ac03dc4b-ffe6-4f35-ba83-41f3c30a3c67,IT Factory,712020:ac03dc4b-ffe6-4f35-ba83-41f3c30a3c67,IT Factory,712020:ac03dc4b-ffe6-4f35-ba83-41f3c30a3c67,17/Jun/24 1:48 PM,25/Jul/24 8:14 PM,,25/Jul/24 8:14 PM,Primariatechirghiol.ro_versiunea_1.0_limba_română,,0,"Apăsând pe butonul drept al mouse-ului/șoarecelui de pe suprafața pe care este așezat, click-ul fiind poziționat pe o zonă liberă a videoclipului, apar mai multe opțiuni oferite de către platforma YouTube:

* Account;
* Loop;
* Copy video URL;
* Copy video URL at current time;
* Copy embed code;
* Copy debug info;
* Troubleshoot playback issue;
* Stats for nerds.",,IT Factory,712020:ac03dc4b-ffe6-4f35-ba83-41f3c30a3c67,,,,,,,,,NPT-24,,,,,,,,,,,NPT-121,,,,,,,,,,,,,,,com.atlassian.servicedesk.plugins.approvals.internal.customfield.ApprovalsCFValue@38e269f1,,,,,,,,,,,,NPT-24,Videoclipul integrat în site-ul web (de sub cb_menu),,,,,,,,,,,,,,,,,0|i01b4p:,,,,,,,,,,,NPT Sprint 1,,,,,,,,,,,,,,,,,,,3_*:*_2_*:*_3271684556_*|*_10000_*:*_2_*:*_34640666_*|*_10001_*:*_1_*:*_0,,18796,Videoclipul integrat în site-ul web (de sub cb_menu),Done,25/Jul/24 8:14 PM
Buton transparent cu textul (de culoare albă): ”Watch on YouTube” ,NPT-42,18840,Story,Done,NPT,Norbert Poka_TM2,software,ITF Classes,712020:8ab46ca2-145f-4a56-a13e-bb85ee67acea,,Medium,Done,IT Factory,712020:ac03dc4b-ffe6-4f35-ba83-41f3c30a3c67,IT Factory,712020:ac03dc4b-ffe6-4f35-ba83-41f3c30a3c67,IT Factory,712020:ac03dc4b-ffe6-4f35-ba83-41f3c30a3c67,17/Jun/24 1:39 PM,25/Jul/24 8:14 PM,,25/Jul/24 8:14 PM,Primariatechirghiol.ro_versiunea_1.0_limba_română,,0,"La acționarea butonului transparent, având pe acesta textul: ”Watch on YouTube”, care este amplasat într-o zonă joasă deasupra videoclipului de pe site-ul web, utilizatorul final este redirecționat către platforma YouTube pentru a viziona videoclipul ”iluminat public Techirghiol”.",,IT Factory,712020:ac03dc4b-ffe6-4f35-ba83-41f3c30a3c67,,,,,,,,,NPT-24,,,,,,,,,,,NPT-121,,,,,,,,,,,,,,,com.atlassian.servicedesk.plugins.approvals.internal.customfield.ApprovalsCFValue@49a49e2f,,,,,,,,,,,,NPT-24,Videoclipul integrat în site-ul web (de sub cb_menu),,,,,,,,,,,,,,,,,0|i01b4h:,,,,,,,,,,,NPT Sprint 1,,,,,,,,,,,,,,,,,,,3_*:*_2_*:*_3272256512_*|*_10000_*:*_2_*:*_34640546_*|*_10001_*:*_1_*:*_0,,18796,Videoclipul integrat în site-ul web (de sub cb_menu),Done,25/Jul/24 8:14 PM
Butonul roșu de rulare al videoclipului,NPT-41,18837,Story,Done,NPT,Norbert Poka_TM2,software,ITF Classes,712020:8ab46ca2-145f-4a56-a13e-bb85ee67acea,,Medium,Done,IT Factory,712020:ac03dc4b-ffe6-4f35-ba83-41f3c30a3c67,IT Factory,712020:ac03dc4b-ffe6-4f35-ba83-41f3c30a3c67,IT Factory,712020:ac03dc4b-ffe6-4f35-ba83-41f3c30a3c67,17/Jun/24 1:31 PM,25/Jul/24 8:49 PM,,25/Jul/24 8:49 PM,Primariatechirghiol.ro_versiunea_1.0_limba_română,,0,"La acționarea butonului de culoare roșie, cu triunghi alb orientat cu vârful spre dreapta, care este regăsit în centrul videoclipului de pe site-ul web, începe rularea videoclipului de pe site-ul web. Apar funcționalități specifice platformei YouTube în timpul vizionării videoclipului, funcționalități ce sunt menite să contribuie pozitiv la menținerea mediului propice al utilizatorului final pentru vizionarea de conținut video.",,IT Factory,712020:ac03dc4b-ffe6-4f35-ba83-41f3c30a3c67,,,,,,,,,NPT-24,,,,,,,,,,,NPT-121,,,,,,,,,,,,,,,com.atlassian.servicedesk.plugins.approvals.internal.customfield.ApprovalsCFValue@6cc0f4f9,,,,,,,,,,,,NPT-24,Videoclipul integrat în site-ul web (de sub cb_menu),,,,,,,,,,,,,,,,,0|i01b3t:,,,,,,,,,,,NPT Sprint 1,,,,,,,,,,,,,,,,,,,3_*:*_3_*:*_3272718766_*|*_10000_*:*_2_*:*_34641415_*|*_10001_*:*_2_*:*_2123738,,18796,Videoclipul integrat în site-ul web (de sub cb_menu),Done,25/Jul/24 8:49 PM
Drapelul ”României” cu nivel ridicat de transparență,NPT-40,18834,Story,To Do,NPT,Norbert Poka_TM2,software,ITF Classes,712020:8ab46ca2-145f-4a56-a13e-bb85ee67acea,,High,,IT Factory,712020:ac03dc4b-ffe6-4f35-ba83-41f3c30a3c67,IT Factory,712020:ac03dc4b-ffe6-4f35-ba83-41f3c30a3c67,IT Factory,712020:ac03dc4b-ffe6-4f35-ba83-41f3c30a3c67,17/Jun/24 1:19 PM,25/Jul/24 9:23 PM,,,2-Primariatechirghiol_versiunea_1.0_ro,,0,"Drapelul României, cu nivel ridicat de transparență, este amplasat în spatele tuturor celorlalte elemente ale header-ului.",,IT Factory,712020:ac03dc4b-ffe6-4f35-ba83-41f3c30a3c67,,,,,,,,,NPT-22,,,,,,,,,,,NPT-83,,,,,,,,,,,,,,,com.atlassian.servicedesk.plugins.approvals.internal.customfield.ApprovalsCFValue@516952d5,,,,,,,,,,,,NPT-22,Header/cb_logo,,,,,,,,,,,,,,,,,0|i01b35:,,,,,,,,,,,,,,,,,,,,,,,,,,,,,,,,18794,Header/cb_logo,To Do,25/Jul/24 8:37 PM
Logo-ul ”PODCA” + Textele: ”Inovație în administrație” + ”Programul Operațional ”Dezvoltarea Capacității Admnistrative”,NPT-39,18832,Story,To Do,NPT,Norbert Poka_TM2,software,ITF Classes,712020:8ab46ca2-145f-4a56-a13e-bb85ee67acea,,High,,IT Factory,712020:ac03dc4b-ffe6-4f35-ba83-41f3c30a3c67,IT Factory,712020:ac03dc4b-ffe6-4f35-ba83-41f3c30a3c67,IT Factory,712020:ac03dc4b-ffe6-4f35-ba83-41f3c30a3c67,17/Jun/24 1:13 PM,25/Jul/24 9:23 PM,,,2-Primariatechirghiol_versiunea_1.0_ro,,0,"În dreapta header-ului este amplasat logo-ul PODCA, alături de textele: ”Inovație în administrație” și ”Programul Operațional ”Dezvoltarea Capacității Admnistrative”. Textele sunt de culoarea albastru închis,",,IT Factory,712020:ac03dc4b-ffe6-4f35-ba83-41f3c30a3c67,,,,,,,,,NPT-22,,,,,,,,,,,NPT-79,NPT-80,NPT-81,,,,,,,,,,,,,com.atlassian.servicedesk.plugins.approvals.internal.customfield.ApprovalsCFValue@33a6bd02,,,,,,,,,,,,NPT-22,Header/cb_logo,,,,,,,,,,,,,,,,,0|i01b2p:,,,,,,,,,,,,,,,,,,,,,,,,,,,,,,,,18794,Header/cb_logo,To Do,25/Jul/24 8:37 PM
Stema ”României” + Textele: ”GUVERNUL ROMANIEI” + ”Ministerul Administrației și Internelor”,NPT-38,18831,Story,To Do,NPT,Norbert Poka_TM2,software,ITF Classes,712020:8ab46ca2-145f-4a56-a13e-bb85ee67acea,,High,,IT Factory,712020:ac03dc4b-ffe6-4f35-ba83-41f3c30a3c67,IT Factory,712020:ac03dc4b-ffe6-4f35-ba83-41f3c30a3c67,IT Factory,712020:ac03dc4b-ffe6-4f35-ba83-41f3c30a3c67,17/Jun/24 1:10 PM,25/Jul/24 9:22 PM,,,2-Primariatechirghiol_versiunea_1.0_ro,,0,"În partea dreaptă a header-ului este amplasată stema României, alături de textele: ”GUVERNUL ROMANIEI” și ”Ministerul Administrației și Internelor”. Textele sunt de culoarea albastru închis,",,IT Factory,712020:ac03dc4b-ffe6-4f35-ba83-41f3c30a3c67,,,,,,,,,NPT-22,,,,,,,,,,,NPT-75,NPT-76,,,,,,,,,,,,,,com.atlassian.servicedesk.plugins.approvals.internal.customfield.ApprovalsCFValue@12f6e6e8,,,,,,,,,,,,NPT-22,Header/cb_logo,,,,,,,,,,,,,,,,,0|i01b2h:,,,,,,,,,,,,,,,,,,,,,,,,,,,,,,,,18794,Header/cb_logo,To Do,25/Jul/24 8:37 PM
Drapelul ”Uniunii Europene” + Textele: ”UNIUNEA EUROPEANĂ” + ”Fondul Social European”,NPT-37,18830,Story,To Do,NPT,Norbert Poka_TM2,software,ITF Classes,712020:8ab46ca2-145f-4a56-a13e-bb85ee67acea,,High,,IT Factory,712020:ac03dc4b-ffe6-4f35-ba83-41f3c30a3c67,IT Factory,712020:ac03dc4b-ffe6-4f35-ba83-41f3c30a3c67,IT Factory,712020:ac03dc4b-ffe6-4f35-ba83-41f3c30a3c67,17/Jun/24 1:06 PM,25/Jul/24 9:23 PM,,,2-Primariatechirghiol_versiunea_1.0_ro,,0,"În partea dreaptă a header-ului este amplasat drapelul Uniunii Europene, alături de textele: ”UNIUNEA EUROPEANĂ” și ”Fondul Social European”. Textele sunt de culoarea albastru închis.",,IT Factory,712020:ac03dc4b-ffe6-4f35-ba83-41f3c30a3c67,,,,,,,,,NPT-22,,,,,,,,,,,NPT-73,NPT-74,,,,,,,,,,,,,,com.atlassian.servicedesk.plugins.approvals.internal.customfield.ApprovalsCFValue@763c1b32,,,,,,,,,,,,NPT-22,Header/cb_logo,,,,,,,,,,,,,,,,,0|i01b29:,,,,,,,,,,,,,,,,,,,,,,,,,,,,,,,,18794,Header/cb_logo,To Do,25/Jul/24 8:37 PM
Iconiță ”mail” + Text: ”apl@primariatechirghiol.ro”,NPT-36,18828,Story,To Do,NPT,Norbert Poka_TM2,software,ITF Classes,712020:8ab46ca2-145f-4a56-a13e-bb85ee67acea,,High,,IT Factory,712020:ac03dc4b-ffe6-4f35-ba83-41f3c30a3c67,IT Factory,712020:ac03dc4b-ffe6-4f35-ba83-41f3c30a3c67,IT Factory,712020:ac03dc4b-ffe6-4f35-ba83-41f3c30a3c67,17/Jun/24 1:02 PM,25/Jul/24 9:23 PM,,,2-Primariatechirghiol_versiunea_1.0_ro,,0,"În partea de jos a header-ului se află iconița ”mail” și textul: ”apl@primariatechirghiol.ro”, ambele de culoare neagră.",,IT Factory,712020:ac03dc4b-ffe6-4f35-ba83-41f3c30a3c67,,,,,,,,,NPT-22,,,,,,,,,,,NPT-70,NPT-71,NPT-72,,,,,,,,,,,,,com.atlassian.servicedesk.plugins.approvals.internal.customfield.ApprovalsCFValue@6533a995,,,,,,,,,,,,NPT-22,Header/cb_logo,,,,,,,,,,,,,,,,,0|i01b1t:,,,,,,,,,,,,,,,,,,,,,,,,,,,,,,,,18794,Header/cb_logo,To Do,25/Jul/24 8:37 PM
Iconiță ”telefon” + Text: ”0241-735.622”,NPT-35,18827,Story,To Do,NPT,Norbert Poka_TM2,software,ITF Classes,712020:8ab46ca2-145f-4a56-a13e-bb85ee67acea,,High,,IT Factory,712020:ac03dc4b-ffe6-4f35-ba83-41f3c30a3c67,IT Factory,712020:ac03dc4b-ffe6-4f35-ba83-41f3c30a3c67,IT Factory,712020:ac03dc4b-ffe6-4f35-ba83-41f3c30a3c67,17/Jun/24 12:56 PM,25/Jul/24 9:22 PM,,,2-Primariatechirghiol_versiunea_1.0_ro,,0,"În partea de jos a header-ului se află iconița ”telefon” și textul: ”0241-735.622”, ambele de culoare neagră.",,IT Factory,712020:ac03dc4b-ffe6-4f35-ba83-41f3c30a3c67,,,,,,,,,NPT-22,,,,,,,,,,,NPT-68,NPT-69,,,,,,,,,,,,,,com.atlassian.servicedesk.plugins.approvals.internal.customfield.ApprovalsCFValue@7a065822,,,,,,,,,,,,NPT-22,Header/cb_logo,,,,,,,,,,,,,,,,,0|i01b1l:,,,,,,,,,,,,,,,,,,,,,,,,,,,,,,,,18794,Header/cb_logo,To Do,25/Jul/24 8:37 PM
" Iconiță ”casă” + Text: ”Str. Dr. Victor Climescu nr.24, Techirghiol”",NPT-34,18825,Story,To Do,NPT,Norbert Poka_TM2,software,ITF Classes,712020:8ab46ca2-145f-4a56-a13e-bb85ee67acea,,High,,IT Factory,712020:ac03dc4b-ffe6-4f35-ba83-41f3c30a3c67,IT Factory,712020:ac03dc4b-ffe6-4f35-ba83-41f3c30a3c67,IT Factory,712020:ac03dc4b-ffe6-4f35-ba83-41f3c30a3c67,17/Jun/24 12:52 PM,25/Jul/24 9:22 PM,,,2-Primariatechirghiol_versiunea_1.0_ro,,0,"În partea de jos a header-ului se află iconița ”casă” și textul: ”Str. Dr. Victor Climescu nr.24, Techirghiol”, ambele de culoare neagră.",,IT Factory,712020:ac03dc4b-ffe6-4f35-ba83-41f3c30a3c67,,,,,,,,,NPT-22,,,,,,,,,,,NPT-66,NPT-67,,,,,,,,,,,,,,com.atlassian.servicedesk.plugins.approvals.internal.customfield.ApprovalsCFValue@6e82c80d,,,,,,,,,,,,NPT-22,Header/cb_logo,,,,,,,,,,,,,,,,,0|i01b15:,,,,,,,,,,,,,,,,,,,,,,,,,,,,,,,,18794,Header/cb_logo,To Do,25/Jul/24 8:37 PM
